Key,Kappa,KSIM,AAWCE
2000-0,0.88414492756748864,0.1113542828335367,0.032275267748442943
