theta_ct value,KSIM avg.,KSIM_err,CLU avg,CLU_err
0.0,0.06806853837989299,0.0026908535794065158,0.0081830175886169927,0.00028545433244563535
