Key,Kappa,KSIM,AAWCE
2000-0,0.89312223734200236,0.17404343360990818,0.012720849408979636
