Key,Kappa,KSIM,AAWCE
2000-0,0.98785205197195869,0.046254366736239116,0.004464857935893846
