Key,Kappa,KSIM,AAWCE
2000-0,0.92372093768053876,0.080410490731706794,0.01604080547634161
